"","term","estimate","std.error","statistic","p.value"
"1","(Intercept)",21.0588235294118,0.663916211920849,31.7190982104265,2.43323542395744e-52
"2","treatmentC",0.19117647058824,0.953477067857883,0.200504529194126,0.841514636428228
"3","treatmentHb",2.64705882352941,0.938919311177834,2.81926124217084,0.00585826117635721
"4","treatmentHbA",4.01809954751132,1.00856112638596,3.98399208772762,0.000132804208117267
"5","treatmentLb",0.046439628482972,0.913876949918309,0.0508160628048701,0.959578784278958
"6","treatmentLbA",0.678018575851391,0.91387694991831,0.741914516951104,0.459969451786203
